{"uncertainty-estimation": {"0": 0.006064907275140285, "1": 0.011775515973567963, "2": 0.007540908828377724, "3": 0.004080808162689209, "4": 0.005725863575935364, "5": -0.0005031287670135498, "6": -0.017631053924560547, "7": -0.02474898248910904, "8": -0.011718887090682983, "9": -0.007815917581319809, "10": -0.005577456951141357, "11": -0.01520165205001831, "12": -0.008854117570444941, "13": 0.00035583376884460447, "14": 0.007417511940002441, "15": 0.01517021656036377, "16": 0.02020721435546875, "17": -0.008378410339355468, "18": -0.01686573028564453, "19": -0.03330066204071045, "20": -0.06852283477783203, "21": -0.058447837829589844, "22": -0.06834771633148193, "23": -0.06374111175537109, "24": -0.05756664276123047, "25": -0.09239082336425782, "26": -0.11088972091674805, "27": -0.0832717776298523, "28": -0.10894999504089356, "29": -0.13680315017700195, "30": -0.11263828277587891, "31": -0.04812995195388794}, "adding-knowledge": {"0": 0.004443421121686697, "1": 0.011862519880135855, "2": 0.020515883713960646, "3": 0.025950085620085394, "4": 0.034104628053804244, "5": 0.03780235120405754, "6": 0.0384427343805631, "7": 0.033970071064929164, "8": 0.035197478656967485, "9": 0.024833834419647854, "10": 0.030497476272284985, "11": -0.0005181850865483339, "12": 0.012259753048419952, "13": 0.044177220265070594, "14": 0.07270005595249433, "15": 0.08481934120257696, "16": 0.10808064142862954, "17": 0.1387550680587689, "18": 0.15945631228387355, "19": 0.1797892565528552, "20": 0.15624783709645268, "21": 0.1853629688421885, "22": 0.1737245718638102, "23": 0.2139706512292226, "24": 0.18435906171798702, "25": 0.16543743610382078, "26": 0.15237214956432582, "27": 0.17561217149098712, "28": 0.19877308706442515, "29": 0.1757119317849477, "30": 0.22682756980260216, "31": 0.2860154390335083}, "example-testing": {"0": 0.00870109706496199, "1": 0.008948059545622934, "2": 0.01074605786965953, "3": 0.010668042219347426, "4": 0.004102117485470233, "5": 0.013508422507180103, "6": 0.016468022432592183, "7": 0.01772653063138326, "8": 0.03309451209174263, "9": 0.039849420388539634, "10": 0.05148399538464018, "11": 0.07908471094237436, "12": 0.024184081289503306, "13": 0.037816842397054025, "14": 0.013828065660264741, "15": 0.02543558677037556, "16": 0.08046995765633054, "17": 0.08622038447194631, "18": 0.06833316220177542, "19": 0.05881016784244115, "20": 0.046572983264923096, "21": 0.12691014342837867, "22": 0.15720224380493164, "23": 0.10269810756047566, "24": 0.12489972015221913, "25": 0.15200363927417335, "26": 0.18834424018859863, "27": 0.210973580678304, "28": 0.17580268024984336, "29": 0.15546948711077374, "30": 0.18164626177814272, "31": 0.23840775754716662}, "backtracking": {"0": 0.02091766125522554, "1": 0.05177778238430619, "2": 0.0685997917316854, "3": 0.08558935672044754, "4": 0.11422964185476303, "5": 0.14623978547751904, "6": 0.16404857486486435, "7": 0.18602423556149006, "8": 0.20435992628335953, "9": 0.2671513259410858, "10": 0.2750365659594536, "11": 0.32881168834865093, "12": 0.39769776724278927, "13": 0.48218174278736115, "14": 0.4660487771034241, "15": 0.5383559316396713, "16": 0.5832351222634315, "17": 0.5737067237496376, "18": 0.5520915016531944, "19": 0.5016053467988968, "20": 0.4483196586370468, "21": 0.4616030193865299, "22": 0.48034556210041046, "23": 0.4937923127436079, "24": 0.4482848607003689, "25": 0.45939504355192184, "26": 0.4756801724433899, "27": 0.4429302215576172, "28": 0.43226954340934753, "29": 0.3185833469033241, "30": 0.30381011962890625, "31": -0.16643479466438293}}